feature1,feature2,correlation
rushing_yardsFromScrimmagePerGame,rushing_netYardsPerGame,1.0
rushing_totalPoints,total_pointsFor,1.0
receiving_netTotalYards,rushing_totalYardsFromScrimmage,1.0
receiving_netTotalYards,rushing_totalYards,1.0
passing_netTotalYards,passing_totalYards,1.0
passing_totalYardsFromScrimmage,passing_totalYards,1.0
passing_totalYardsFromScrimmage,rushing_totalYardsFromScrimmage,1.0
passing_totalYardsFromScrimmage,receiving_netTotalYards,1.0
rushing_twoPtRush,scoring_twoPointRushConvs,1.0
receiving_receivingBigPlays,passing_passingBigPlays,1.0
scoring_kickExtraPoints,kicking_extraPointAttempts,1.0
passing_passingTouchdowns,scoring_receivingTouchdowns,1.0
passing_passingTouchdowns,scoring_passingTouchdowns,1.0
miscellaneous_firstDownsPassing,passing_passingFirstDowns,1.0
rushing_yardsFromScrimmagePerGame,receiving_yardsFromScrimmagePerGame,1.0
rushing_yardsFromScrimmagePerGame,passing_netYardsPerGame,1.0
passing_netTotalYards,rushing_totalYardsFromScrimmage,1.0
receiving_netTotalYards,passing_totalYards,1.0
passing_yardsFromScrimmagePerGame,passing_netYardsPerGame,1.0
passing_yardsFromScrimmagePerGame,rushing_netYardsPerGame,1.0
passing_yardsFromScrimmagePerGame,receiving_yardsFromScrimmagePerGame,1.0
receiving_totalPointsPerGame,passing_totalPointsPerGame,1.0
receiving_totalPointsPerGame,total_avgPointsFor,1.0
passing_netTotalYards,rushing_totalYards,1.0
receiving_totalPointsPerGame,rushing_totalPointsPerGame,1.0
passing_netTotalYards,receiving_netTotalYards,1.0
passing_netTotalYards,passing_totalYardsFromScrimmage,1.0
total_pointDifferential,total_differential,1.0
scoring_passingTouchdowns,scoring_receivingTouchdowns,1.0
passing_netYardsPerGame,rushing_netYardsPerGame,1.0
passing_netTotalYards,receiving_totalYards,1.0
passing_netTotalYards,receiving_totalYardsFromScrimmage,1.0
passing_netTotalYards,rushing_netTotalYards,1.0
rushing_yardsFromScrimmagePerGame,passing_yardsFromScrimmagePerGame,1.0
scoring_rushingTouchdowns,rushing_rushingTouchdowns,1.0
passing_netPassingYards,passing_passingYards,1.0
rushing_netTotalYards,passing_totalYards,1.0
receiving_totalYardsFromScrimmage,passing_totalYardsFromScrimmage,1.0
receiving_totalYardsFromScrimmage,receiving_totalYards,1.0
passing_passingAttempts,passing_netPassingAttempts,1.0
rushing_rushingFirstDowns,miscellaneous_firstDownsRushing,1.0
general_fumblesLost,miscellaneous_fumblesLost,1.0
passing_completions,receiving_receptions,1.0
rushing_netTotalYards,rushing_totalYardsFromScrimmage,1.0
total_winPercent,total_leagueWinPercent,1.0
rushing_netTotalYards,rushing_totalYards,1.0
rushing_netTotalYards,receiving_netTotalYards,1.0
rushing_netTotalYards,passing_totalYardsFromScrimmage,1.0
rushing_netTotalYards,receiving_totalYards,1.0
rushing_netTotalYards,receiving_totalYardsFromScrimmage,1.0
passing_twoPtPass,scoring_twoPointPassConvs,1.0
receiving_totalYardsFromScrimmage,receiving_netTotalYards,1.0
receiving_totalYardsFromScrimmage,rushing_totalYards,1.0
receiving_totalYardsFromScrimmage,rushing_totalYardsFromScrimmage,1.0
receiving_totalYardsFromScrimmage,passing_totalYards,1.0
receiving_totalYards,passing_totalYardsFromScrimmage,1.0
receiving_totalYards,receiving_netTotalYards,1.0
passing_totalOffensivePlays,receiving_totalOffensivePlays,1.0
passing_totalOffensivePlays,rushing_totalOffensivePlays,1.0
receiving_totalYards,rushing_totalYards,1.0
receiving_totalYards,rushing_totalYardsFromScrimmage,1.0
receiving_totalYards,passing_totalYards,1.0
receiving_totalPoints,passing_totalPoints,1.0
receiving_totalPoints,rushing_totalPoints,1.0
receiving_totalPoints,total_pointsFor,1.0
scoring_kickExtraPointsMade,kicking_extraPointsMade,1.0
passing_totalPoints,rushing_totalPoints,1.0
passing_totalPoints,total_pointsFor,1.0
passing_netYardsPerGame,receiving_yardsFromScrimmagePerGame,1.0
passing_totalYardsFromScrimmage,rushing_totalYards,1.0
receiving_netYardsPerGame,passing_yardsFromScrimmagePerGame,1.0
rushing_netYardsPerGame,receiving_yardsFromScrimmagePerGame,1.0
rushing_totalYardsFromScrimmage,passing_totalYards,1.0
total_avgPointsFor,rushing_totalPointsPerGame,1.0
passing_QBRating,passing_quarterbackRating,1.0
rushing_totalOffensivePlays,receiving_totalOffensivePlays,1.0
passing_totalPointsPerGame,rushing_totalPointsPerGame,1.0
passing_totalPointsPerGame,total_avgPointsFor,1.0
receiving_netYardsPerGame,rushing_yardsFromScrimmagePerGame,1.0
scoring_fieldGoals,kicking_fieldGoalsMade,1.0
receiving_netYardsPerGame,passing_netYardsPerGame,1.0
receiving_netYardsPerGame,rushing_netYardsPerGame,1.0
rushing_totalYards,passing_totalYards,1.0
rushing_totalYards,rushing_totalYardsFromScrimmage,1.0
receiving_netYardsPerGame,receiving_yardsFromScrimmagePerGame,1.0
passing_netPassingYardsPerGame,passing_passingYardsPerGame,1.0
receiving_receivingTouchdowns,scoring_receivingTouchdowns,1.0
receiving_receivingTouchdowns,passing_passingTouchdowns,1.0
receiving_receivingTouchdowns,scoring_passingTouchdowns,1.0
passing_passingYardsAfterCatch,receiving_receivingYardsAfterCatch,0.9999998724085984
miscellaneous_firstDownsPassing,receiving_receivingFirstDowns,0.9998878792974164
receiving_receivingFirstDowns,passing_passingFirstDowns,0.9998878792974164
kicking_kickoffReturnYards,returning_kickReturnYards,0.9981787811705809
total_losses,total_leagueWinPercent,-0.9969470147483931
total_winPercent,total_losses,-0.9969470147483931
kicking_fieldGoalAttempts1_19,kicking_fieldGoalsMade1_19,0.9965968104368886
total_leagueWinPercent,total_wins,0.9963455130886633
total_winPercent,total_wins,0.9963455130886633
passing_netPassingAttempts,receiving_receivingTargets,0.996301613454198
passing_passingAttempts,receiving_receivingTargets,0.996301613454198
kicking_fieldGoalsMade50,kicking_fieldGoalsMade50_59,0.9961698045823443
scoring_totalPointsPerGame,scoring_totalPoints,0.9960656933786544
passing_avgGain,passing_yardsPerPassAttempt,0.9957712202155488
passing_netPassingYardsPerGame,passing_passingYards,0.9956169021785064
passing_netPassingYardsPerGame,passing_netPassingYards,0.9956169021785064
passing_netPassingYards,passing_passingYardsPerGame,0.9956169021785061
passing_passingYards,passing_passingYardsPerGame,0.9956169021785061
rushing_rushingYards,rushing_rushingYardsPerGame,0.995571128311638
receiving_receivingYardsPerGame,receiving_receivingYards,0.9950774222181266
receiving_netYardsPerGame,passing_totalYardsFromScrimmage,0.9947256418923184
receiving_netYardsPerGame,receiving_netTotalYards,0.9947256418923184
receiving_netYardsPerGame,rushing_totalYards,0.9947256418923184
rushing_yardsFromScrimmagePerGame,passing_totalYards,0.9947256418923184
rushing_yardsFromScrimmagePerGame,rushing_totalYardsFromScrimmage,0.9947256418923184
rushing_yardsFromScrimmagePerGame,passing_totalYardsFromScrimmage,0.9947256418923184
receiving_netYardsPerGame,receiving_totalYards,0.9947256418923184
receiving_netYardsPerGame,receiving_totalYardsFromScrimmage,0.9947256418923184
passing_netYardsPerGame,rushing_totalYards,0.9947256418923184
receiving_netYardsPerGame,rushing_netTotalYards,0.9947256418923184
passing_netYardsPerGame,passing_totalYards,0.9947256418923184
receiving_netYardsPerGame,passing_netTotalYards,0.9947256418923184
rushing_netYardsPerGame,rushing_totalYardsFromScrimmage,0.9947256418923184
rushing_netYardsPerGame,passing_totalYards,0.9947256418923184
passing_netYardsPerGame,rushing_totalYardsFromScrimmage,0.9947256418923184
rushing_netYardsPerGame,rushing_totalYards,0.9947256418923184
receiving_yardsFromScrimmagePerGame,passing_totalYards,0.9947256418923184
passing_yardsFromScrimmagePerGame,passing_totalYards,0.9947256418923184
passing_yardsFromScrimmagePerGame,rushing_totalYardsFromScrimmage,0.9947256418923184
receiving_netYardsPerGame,rushing_totalYardsFromScrimmage,0.9947256418923184
passing_yardsFromScrimmagePerGame,rushing_totalYards,0.9947256418923184
receiving_yardsFromScrimmagePerGame,rushing_totalYardsFromScrimmage,0.9947256418923184
rushing_yardsFromScrimmagePerGame,receiving_netTotalYards,0.9947256418923184
rushing_yardsFromScrimmagePerGame,rushing_totalYards,0.9947256418923184
receiving_netYardsPerGame,passing_totalYards,0.9947256418923184
receiving_totalYardsFromScrimmage,rushing_yardsFromScrimmagePerGame,0.9947256418923182
receiving_totalYardsFromScrimmage,receiving_yardsFromScrimmagePerGame,0.9947256418923182
receiving_totalYards,passing_netYardsPerGame,0.9947256418923182
passing_netTotalYards,rushing_yardsFromScrimmagePerGame,0.9947256418923182
rushing_netTotalYards,rushing_yardsFromScrimmagePerGame,0.9947256418923182
receiving_totalYards,rushing_netYardsPerGame,0.9947256418923182
rushing_netTotalYards,passing_yardsFromScrimmagePerGame,0.9947256418923182
rushing_netTotalYards,passing_netYardsPerGame,0.9947256418923182
receiving_totalYardsFromScrimmage,passing_yardsFromScrimmagePerGame,0.9947256418923182
receiving_totalYards,receiving_yardsFromScrimmagePerGame,0.9947256418923182
rushing_netTotalYards,rushing_netYardsPerGame,0.9947256418923182
receiving_totalYardsFromScrimmage,rushing_netYardsPerGame,0.9947256418923182
rushing_netTotalYards,receiving_yardsFromScrimmagePerGame,0.9947256418923182
receiving_totalYards,rushing_yardsFromScrimmagePerGame,0.9947256418923182
receiving_totalYardsFromScrimmage,passing_netYardsPerGame,0.9947256418923182
receiving_totalYards,passing_yardsFromScrimmagePerGame,0.9947256418923182
passing_netTotalYards,passing_netYardsPerGame,0.9947256418923182
receiving_netTotalYards,passing_netYardsPerGame,0.9947256418923182
receiving_netTotalYards,receiving_yardsFromScrimmagePerGame,0.9947256418923182
passing_totalYardsFromScrimmage,passing_yardsFromScrimmagePerGame,0.9947256418923182
passing_totalYardsFromScrimmage,passing_netYardsPerGame,0.9947256418923182
passing_netTotalYards,rushing_netYardsPerGame,0.9947256418923182
passing_netTotalYards,passing_yardsFromScrimmagePerGame,0.9947256418923182
passing_totalYardsFromScrimmage,rushing_netYardsPerGame,0.9947256418923182
passing_totalYardsFromScrimmage,receiving_yardsFromScrimmagePerGame,0.9947256418923182
receiving_netTotalYards,passing_yardsFromScrimmagePerGame,0.9947256418923182
receiving_netTotalYards,rushing_netYardsPerGame,0.9947256418923182
passing_netTotalYards,receiving_yardsFromScrimmagePerGame,0.9947256418923182
rushing_totalYards,receiving_yardsFromScrimmagePerGame,0.9947256418923182
miscellaneous_firstDowns,miscellaneous_firstDownsPerGame,0.9945996926507027
returning_kickReturnFairCatchPct,returning_kickReturnFairCatches,0.9945337949270509
scoring_kickExtraPoints,scoring_kickExtraPointsMade,0.9944240740992307
scoring_kickExtraPoints,kicking_extraPointsMade,0.9944240740992307
kicking_extraPointAttempts,scoring_kickExtraPointsMade,0.9944240740992307
kicking_extraPointAttempts,kicking_extraPointsMade,0.9944240740992307
road_wins,road_winPercent,0.9939058688120214
home_winPercent,home_losses,-0.9935456698627755
punting_netAvgPuntYards,punting_grossAvgPuntYards,0.9917388084985457
road_losses,road_winPercent,-0.9913578451736338
kicking_fieldGoalAttempts50,kicking_fieldGoalAttempts50_59,0.9910075463874557
home_wins,home_winPercent,0.9906514573921117
rushing_totalPoints,rushing_totalPointsPerGame,0.9896368531566045
total_pointsFor,rushing_totalPointsPerGame,0.9896368531566045
receiving_totalPointsPerGame,total_pointsFor,0.9896368531566045
total_pointsFor,total_avgPointsFor,0.9896368531566045
passing_totalPoints,receiving_totalPointsPerGame,0.9896368531566045
receiving_totalPoints,rushing_totalPointsPerGame,0.9896368531566045
rushing_totalPoints,total_avgPointsFor,0.9896368531566045
rushing_totalPoints,passing_totalPointsPerGame,0.9896368531566045
receiving_totalPoints,receiving_totalPointsPerGame,0.9896368531566045
passing_totalPoints,rushing_totalPointsPerGame,0.9896368531566045
receiving_totalPoints,passing_totalPointsPerGame,0.9896368531566045
total_pointsFor,passing_totalPointsPerGame,0.9896368531566045
passing_totalPoints,total_avgPointsFor,0.9896368531566045
receiving_totalPoints,total_avgPointsFor,0.9896368531566045
passing_totalPoints,passing_totalPointsPerGame,0.9896368531566045
rushing_totalPoints,receiving_totalPointsPerGame,0.9896368531566045
passing_yardsPerPassAttempt,passing_netYardsPerPassAttempt,0.9895338033330267
kicking_fieldGoalsMade20_29,kicking_fieldGoalAttempts20_29,0.9881505598444703
scoring_totalTouchdowns,scoring_totalPoints,0.9881231791149963
total_losses,total_wins,-0.9880017599041767
passing_netPassingYards,receiving_receivingYards,0.9873483327372278
passing_passingYards,receiving_receivingYards,0.9873483327372278
receiving_receivingYardsPerGame,passing_passingYardsPerGame,0.9870476699469829
passing_netPassingYardsPerGame,receiving_receivingYardsPerGame,0.9870476699469827
passing_passingFirstDowns,receiving_receivingYards,0.9844590176069874
miscellaneous_firstDownsPassing,receiving_receivingYards,0.9844590176069874
receiving_receivingFirstDowns,receiving_receivingYards,0.9843510369138974
scoring_totalTouchdowns,scoring_totalPointsPerGame,0.9841858020580506
total_avgPointsAgainst,total_pointsAgainst,0.984184710671667
passing_passingYardsPerGame,receiving_receivingYards,0.9836873404843834
passing_netPassingYardsPerGame,receiving_receivingYards,0.9836873404843834
passing_netTotalYards,miscellaneous_firstDowns,0.9834843008649268
passing_totalYardsFromScrimmage,miscellaneous_firstDowns,0.9834843008649268
receiving_totalYards,miscellaneous_firstDowns,0.9834843008649268
receiving_totalYardsFromScrimmage,miscellaneous_firstDowns,0.9834843008649268
receiving_netTotalYards,miscellaneous_firstDowns,0.9834843008649268
rushing_totalYards,miscellaneous_firstDowns,0.9834843008649268
rushing_netTotalYards,miscellaneous_firstDowns,0.9834843008649268
miscellaneous_firstDowns,passing_totalYards,0.9834843008649264
miscellaneous_firstDowns,rushing_totalYardsFromScrimmage,0.9834843008649264
receiving_netYardsPerGame,miscellaneous_firstDownsPerGame,0.9829901384454783
rushing_yardsFromScrimmagePerGame,miscellaneous_firstDownsPerGame,0.9829901384454783
receiving_yardsFromScrimmagePerGame,miscellaneous_firstDownsPerGame,0.9829901384454783
passing_yardsFromScrimmagePerGame,miscellaneous_firstDownsPerGame,0.9829901384454783
passing_netYardsPerGame,miscellaneous_firstDownsPerGame,0.9829901384454783
rushing_netYardsPerGame,miscellaneous_firstDownsPerGame,0.9829901384454783
receiving_receivingYardsPerGame,passing_netPassingYards,0.9814327790394477
receiving_receivingYardsPerGame,passing_passingYards,0.9814327790394477
kicking_fieldGoalAttempts,kicking_fieldGoalAttemptYards,0.9812351893363198
receiving_yardsPerReception,passing_yardsPerCompletion,0.9802264659268618
receiving_receivingYardsPerGame,miscellaneous_firstDownsPassing,0.980221742996388
receiving_receivingYardsPerGame,passing_passingFirstDowns,0.980221742996388
punting_punts,punting_puntYards,0.9801362905009382
kicking_fieldGoalsMade,kicking_fieldGoalsMadeYards,0.9799962684763522
scoring_fieldGoals,kicking_fieldGoalsMadeYards,0.9799962684763522
receiving_receivingYardsPerGame,receiving_receivingFirstDowns,0.9799122048788333
rushing_netYardsPerGame,miscellaneous_firstDowns,0.9780888210669932
rushing_yardsFromScrimmagePerGame,miscellaneous_firstDowns,0.9780888210669932
passing_netYardsPerGame,miscellaneous_firstDowns,0.9780888210669932
miscellaneous_firstDowns,receiving_yardsFromScrimmagePerGame,0.9780888210669932
receiving_netYardsPerGame,miscellaneous_firstDowns,0.9780888210669932
passing_yardsFromScrimmagePerGame,miscellaneous_firstDowns,0.9780888210669932
rushing_totalYardsFromScrimmage,miscellaneous_firstDownsPerGame,0.9777297313639471
passing_totalYardsFromScrimmage,miscellaneous_firstDownsPerGame,0.9777297313639471
receiving_netTotalYards,miscellaneous_firstDownsPerGame,0.9777297313639471
receiving_totalYardsFromScrimmage,miscellaneous_firstDownsPerGame,0.9777297313639471
rushing_totalYards,miscellaneous_firstDownsPerGame,0.9777297313639471
rushing_netTotalYards,miscellaneous_firstDownsPerGame,0.9777297313639471
receiving_totalYards,miscellaneous_firstDownsPerGame,0.9777297313639471
miscellaneous_firstDownsPerGame,passing_totalYards,0.9777297313639471
passing_netTotalYards,miscellaneous_firstDownsPerGame,0.9777297313639471
passing_netPassingYards,receiving_receivingFirstDowns,0.9770159551585199
passing_passingYards,receiving_receivingFirstDowns,0.9770159551585199
receiving_netYardsPerGame,passing_avgGain,0.9769001709530559
passing_avgGain,rushing_netYardsPerGame,0.9769001709530559
passing_avgGain,passing_netYardsPerGame,0.9769001709530559
passing_avgGain,passing_yardsFromScrimmagePerGame,0.9769001709530559
passing_avgGain,rushing_yardsFromScrimmagePerGame,0.9769001709530559
passing_avgGain,receiving_yardsFromScrimmagePerGame,0.9769001709530559
passing_netPassingYards,passing_passingFirstDowns,0.9768975345288415
miscellaneous_firstDownsPassing,passing_netPassingYards,0.9768975345288415
miscellaneous_firstDownsPassing,passing_passingYards,0.9768975345288415
passing_passingYards,passing_passingFirstDowns,0.9768975345288415
kicking_fieldGoalsBlockedPct,kicking_fieldGoalsBlocked,0.9762976867497642
punting_puntsBlocked,punting_puntsBlockedPct,0.9762749961128643
road_losses,road_wins,-0.9760217821829572
home_wins,home_losses,-0.9757988945776608
receiving_netYardsPerGame,passing_yardsPerPassAttempt,0.9754843277634996
passing_yardsPerPassAttempt,rushing_netYardsPerGame,0.9754843277634996
passing_yardsPerPassAttempt,receiving_yardsFromScrimmagePerGame,0.9754843277634996
rushing_yardsFromScrimmagePerGame,passing_yardsPerPassAttempt,0.9754843277634996
passing_yardsPerPassAttempt,passing_yardsFromScrimmagePerGame,0.9754843277634996
passing_yardsPerPassAttempt,passing_netYardsPerGame,0.9754843277634996
passing_completions,receiving_receivingTargets,0.9753165073020993
receiving_receivingTargets,receiving_receptions,0.9753165073020993
rushing_totalOffensivePlays,miscellaneous_thirdDownAttempts,0.9751624761729177
passing_totalOffensivePlays,miscellaneous_thirdDownAttempts,0.9751624761729177
receiving_totalOffensivePlays,miscellaneous_thirdDownAttempts,0.9751624761729177
passing_passingFirstDowns,passing_passingYardsPerGame,0.9738688038007844
passing_netPassingYardsPerGame,passing_passingFirstDowns,0.9738688038007844
passing_netPassingYardsPerGame,miscellaneous_firstDownsPassing,0.9738688038007844
miscellaneous_firstDownsPassing,passing_passingYardsPerGame,0.9738688038007844
passing_netPassingYardsPerGame,receiving_receivingFirstDowns,0.9738059813446006
receiving_receivingFirstDowns,passing_passingYardsPerGame,0.9738059813446006
kicking_longFieldGoalAttempt,kicking_longFieldGoalMade,0.9732770622993452
passing_avgGain,passing_yardsPerCompletion,0.9730095175135494
kicking_extraPointPct,defensive_totalTackles,0.972786297411395
passing_avgGain,passing_netYardsPerPassAttempt,0.9723257524764962
receiving_totalYards,passing_avgGain,0.9722579735627328
receiving_totalYardsFromScrimmage,passing_avgGain,0.9722579735627328
passing_netTotalYards,passing_avgGain,0.9722579735627328
rushing_netTotalYards,passing_avgGain,0.9722579735627328
passing_avgGain,passing_totalYardsFromScrimmage,0.9722579735627327
passing_avgGain,receiving_netTotalYards,0.9722579735627327
passing_avgGain,passing_totalYards,0.9722579735627327
passing_avgGain,rushing_totalYardsFromScrimmage,0.9722579735627327
passing_avgGain,rushing_totalYards,0.9722579735627327
receiving_totalYards,passing_yardsPerPassAttempt,0.9715213782302984
receiving_totalYardsFromScrimmage,passing_yardsPerPassAttempt,0.9715213782302984
passing_yardsPerPassAttempt,passing_totalYardsFromScrimmage,0.9715213782302984
passing_yardsPerPassAttempt,receiving_netTotalYards,0.9715213782302984
passing_netTotalYards,passing_yardsPerPassAttempt,0.9715213782302984
passing_yardsPerPassAttempt,rushing_totalYards,0.9715213782302984
passing_yardsPerPassAttempt,passing_totalYards,0.9715213782302984
rushing_netTotalYards,passing_yardsPerPassAttempt,0.9715213782302984
passing_yardsPerPassAttempt,rushing_totalYardsFromScrimmage,0.9715213782302984
miscellaneous_thirdDownConvPct,miscellaneous_thirdDownConvs,0.9702619109372861
scoring_totalTouchdowns,scoring_passingTouchdowns,0.9695668396395484
scoring_totalTouchdowns,passing_passingTouchdowns,0.9695668396395484
receiving_receivingTouchdowns,scoring_totalTouchdowns,0.9695668396395484
scoring_totalTouchdowns,scoring_receivingTouchdowns,0.9695668396395484
passing_avgGain,passing_QBRating,0.9686674299208896
passing_avgGain,passing_quarterbackRating,0.9686674299208896
passing_completions,receiving_receivingFirstDowns,0.9679809753602163
receiving_receptions,receiving_receivingFirstDowns,0.9679809753602163
passing_yardsPerPassAttempt,passing_quarterbackRating,0.9679142407178535
passing_yardsPerPassAttempt,passing_QBRating,0.9679142407178535
passing_completions,miscellaneous_firstDownsPassing,0.9678653203312655
passing_completions,passing_passingFirstDowns,0.9678653203312655
receiving_receptions,passing_passingFirstDowns,0.9678653203312655
miscellaneous_firstDownsPassing,receiving_receptions,0.9678653203312655
receiving_receptions,receiving_receivingYards,0.9668055933632191
passing_completions,receiving_receivingYards,0.9668055933632191
scoring_kickExtraPoints,scoring_totalPoints,0.9660204823190591
kicking_extraPointAttempts,scoring_totalPoints,0.9660204823190591
passing_completions,passing_netPassingAttempts,0.9647021676801714
passing_completions,passing_passingAttempts,0.9647021676801714
passing_netPassingAttempts,receiving_receptions,0.9647021676801713
passing_passingAttempts,receiving_receptions,0.9647021676801713
passing_yardsPerPassAttempt,passing_yardsPerCompletion,0.9643323351956765
receiving_receivingTouchdowns,passing_passingTouchdownPct,0.9643146363618396
passing_passingTouchdownPct,scoring_passingTouchdowns,0.9643146363618395
passing_passingTouchdownPct,passing_passingTouchdowns,0.9643146363618395
passing_passingTouchdownPct,scoring_receivingTouchdowns,0.9643146363618395
passing_interceptionPct,passing_interceptions,0.9638082482711856
punting_grossAvgPuntYards,kicking_longFieldGoalMade,0.9636948905289658
scoring_kickExtraPoints,scoring_totalPointsPerGame,0.9636043467042431
kicking_extraPointAttempts,scoring_totalPointsPerGame,0.9636043467042431
defensive_sacks,defensive_sackYards,0.9632297747616084
kicking_fieldGoalAttempts,kicking_fieldGoalsMade,0.9627810019695402
kicking_fieldGoalAttempts,scoring_fieldGoals,0.9627810019695402
rushing_rushingFirstDowns,rushing_rushingYards,0.962370782626027
rushing_rushingYards,miscellaneous_firstDownsRushing,0.962370782626027
kicking_extraPointPct,rushing_totalOffensivePlays,0.9622679825522218
kicking_extraPointPct,passing_totalOffensivePlays,0.9622679825522218
kicking_extraPointPct,receiving_totalOffensivePlays,0.9622679825522218
punting_netAvgPuntYards,kicking_longFieldGoalMade,0.961236147748159
scoring_kickExtraPoints,scoring_totalTouchdowns,0.96091231437291
kicking_extraPointAttempts,scoring_totalTouchdowns,0.96091231437291
passing_completions,receiving_receivingYardsPerGame,0.9600024092969867
receiving_receivingYardsPerGame,receiving_receptions,0.9600024092969867
miscellaneous_thirdDownConvPct,miscellaneous_firstDownsPerGame,0.9597099472926708
scoring_totalTouchdowns,passing_passingTouchdownPct,0.9596880073412714
passing_netTotalYards,passing_quarterbackRating,0.9582161099643259
receiving_totalYardsFromScrimmage,passing_QBRating,0.9582161099643259
receiving_totalYards,passing_quarterbackRating,0.9582161099643259
receiving_totalYards,passing_QBRating,0.9582161099643259
rushing_totalYards,passing_QBRating,0.9582161099643259
rushing_totalYards,passing_quarterbackRating,0.9582161099643259
passing_netTotalYards,passing_QBRating,0.9582161099643259
receiving_totalYardsFromScrimmage,passing_quarterbackRating,0.9582161099643259
receiving_netTotalYards,passing_QBRating,0.9582161099643259
receiving_netTotalYards,passing_quarterbackRating,0.9582161099643259
passing_totalYardsFromScrimmage,passing_QBRating,0.9582161099643259
passing_totalYardsFromScrimmage,passing_quarterbackRating,0.9582161099643259
rushing_netTotalYards,passing_quarterbackRating,0.9582161099643259
rushing_netTotalYards,passing_QBRating,0.9582161099643259
passing_quarterbackRating,rushing_totalYardsFromScrimmage,0.9582161099643257
passing_QBRating,rushing_totalYardsFromScrimmage,0.9582161099643257
passing_QBRating,passing_totalYards,0.9582161099643257
passing_quarterbackRating,passing_totalYards,0.9582161099643257
passing_netYardsPerPassAttempt,receiving_yardsFromScrimmagePerGame,0.9575493366961069
passing_netYardsPerGame,passing_netYardsPerPassAttempt,0.9575493366961068
rushing_yardsFromScrimmagePerGame,passing_netYardsPerPassAttempt,0.9575493366961068
passing_yardsFromScrimmagePerGame,passing_netYardsPerPassAttempt,0.9575493366961068
rushing_netYardsPerGame,passing_netYardsPerPassAttempt,0.9575493366961068
receiving_netYardsPerGame,passing_netYardsPerPassAttempt,0.9575493366961068
kicking_longFieldGoalAttempt,punting_grossAvgPuntYards,0.9573522152537823
kicking_extraPointsBlockedPct,kicking_extraPointsBlocked,0.9569600570723747
defensive_totalTackles,rushing_totalOffensivePlays,0.9567043723844275
passing_totalOffensivePlays,defensive_totalTackles,0.9567043723844275
defensive_totalTackles,receiving_totalOffensivePlays,0.9567043723844275
punting_longPunt,punting_grossAvgPuntYards,0.9563374432391969
punting_grossAvgPuntYards,rushing_totalOffensivePlays,0.9563178371147726
punting_grossAvgPuntYards,receiving_totalOffensivePlays,0.9563178371147726
passing_totalOffensivePlays,punting_grossAvgPuntYards,0.9563178371147726
miscellaneous_thirdDownConvPct,miscellaneous_firstDowns,0.9559027454856711
defensive_totalTackles,punting_grossAvgPuntYards,0.9556286640781174
passing_netYardsPerGame,passing_quarterbackRating,0.9555752774129925
passing_yardsFromScrimmagePerGame,passing_QBRating,0.9555752774129925
receiving_netYardsPerGame,passing_QBRating,0.9555752774129925
passing_yardsFromScrimmagePerGame,passing_quarterbackRating,0.9555752774129925
passing_QBRating,receiving_yardsFromScrimmagePerGame,0.9555752774129925
rushing_yardsFromScrimmagePerGame,passing_QBRating,0.9555752774129925
rushing_yardsFromScrimmagePerGame,passing_quarterbackRating,0.9555752774129925
passing_quarterbackRating,receiving_yardsFromScrimmagePerGame,0.9555752774129925
receiving_netYardsPerGame,passing_quarterbackRating,0.9555752774129925
rushing_netYardsPerGame,passing_QBRating,0.9555752774129925
passing_netYardsPerGame,passing_QBRating,0.9555752774129925
rushing_netYardsPerGame,passing_quarterbackRating,0.9555752774129925
scoring_kickExtraPointsMade,scoring_totalPoints,0.9555664418010815
kicking_extraPointsMade,scoring_totalPoints,0.9555664418010815
kicking_extraPointPct,miscellaneous_thirdDownAttempts,0.9554532579231143
passing_completionPct,receiving_totalOffensivePlays,0.9552835732950267
passing_completionPct,rushing_totalOffensivePlays,0.9552835732950267
passing_totalOffensivePlays,passing_completionPct,0.9552835732950267
kicking_fieldGoalsMade30_39,kicking_fieldGoalAttempts30_39,0.9549140186493721
passing_netYardsPerPassAttempt,rushing_totalYardsFromScrimmage,0.9545837837462782
passing_netYardsPerPassAttempt,passing_totalYards,0.9545837837462782
rushing_netTotalYards,passing_netYardsPerPassAttempt,0.9545837837462781
receiving_totalYardsFromScrimmage,passing_netYardsPerPassAttempt,0.9545837837462781
passing_totalYardsFromScrimmage,passing_netYardsPerPassAttempt,0.9545837837462781
receiving_netTotalYards,passing_netYardsPerPassAttempt,0.9545837837462781
passing_netTotalYards,passing_netYardsPerPassAttempt,0.9545837837462781
receiving_totalYards,passing_netYardsPerPassAttempt,0.9545837837462781
rushing_totalYards,passing_netYardsPerPassAttempt,0.9545837837462781
passing_yardsPerCompletion,receiving_yardsFromScrimmagePerGame,0.9545649940463307
passing_netYardsPerGame,passing_yardsPerCompletion,0.9545649940463307
rushing_yardsFromScrimmagePerGame,passing_yardsPerCompletion,0.9545649940463307
receiving_netYardsPerGame,passing_yardsPerCompletion,0.9545649940463307
passing_yardsFromScrimmagePerGame,passing_yardsPerCompletion,0.9545649940463307
passing_yardsPerCompletion,rushing_netYardsPerGame,0.9545649940463307
receiving_totalOffensivePlays,kicking_longFieldGoalMade,0.9544322753871427
passing_totalOffensivePlays,kicking_longFieldGoalMade,0.9544322753871427
rushing_totalOffensivePlays,kicking_longFieldGoalMade,0.9544322753871427
rushing_rushingFirstDowns,rushing_rushingYardsPerGame,0.9540788074319292
miscellaneous_firstDownsRushing,rushing_rushingYardsPerGame,0.9540788074319292
kicking_extraPointsMade,scoring_totalPointsPerGame,0.9540066753402894
scoring_kickExtraPointsMade,scoring_totalPointsPerGame,0.9540066753402894
passing_completionPct,miscellaneous_firstDownsPerGame,0.9539772241450232
passing_avgGain,miscellaneous_firstDownsPerGame,0.9536146107883939
passing_sacks,passing_sackYardsLost,0.9535083885805847
passing_avgGain,passing_completionPct,0.9534466629624777
kicking_extraPointPct,punting_grossAvgPuntYards,0.9528905982473386
passing_passingAttempts,rushing_totalOffensivePlays,0.9528874290035013
passing_totalOffensivePlays,passing_netPassingAttempts,0.9528874290035013
passing_passingAttempts,receiving_totalOffensivePlays,0.9528874290035013
passing_totalOffensivePlays,passing_passingAttempts,0.9528874290035013
passing_netPassingAttempts,receiving_totalOffensivePlays,0.9528874290035013
passing_netPassingAttempts,rushing_totalOffensivePlays,0.9528874290035013
punting_netAvgPuntYards,kicking_longFieldGoalAttempt,0.9527932544792315
receiving_receivingYards,passing_totalYards,0.952049860010839
passing_netTotalYards,receiving_receivingYards,0.952049860010839
rushing_totalYardsFromScrimmage,receiving_receivingYards,0.952049860010839
rushing_netTotalYards,receiving_receivingYards,0.952049860010839
passing_totalYardsFromScrimmage,receiving_receivingYards,0.952049860010839
receiving_netTotalYards,receiving_receivingYards,0.952049860010839
rushing_totalYards,receiving_receivingYards,0.952049860010839
receiving_totalYards,receiving_receivingYards,0.952049860010839
receiving_totalYardsFromScrimmage,receiving_receivingYards,0.952049860010839
miscellaneous_firstDownsPassing,miscellaneous_firstDownsPerGame,0.9519796727038013
passing_passingFirstDowns,miscellaneous_firstDownsPerGame,0.9519796727038013
miscellaneous_firstDownsPassing,miscellaneous_firstDowns,0.9518700085374282
miscellaneous_firstDowns,passing_passingFirstDowns,0.951870008537428
receiving_receivingFirstDowns,miscellaneous_firstDowns,0.9518198482027778
receiving_receivingFirstDowns,miscellaneous_firstDownsPerGame,0.9517194827765513
rushing_netYardsPerGame,receiving_receivingYards,0.9514829781832965
receiving_yardsFromScrimmagePerGame,receiving_receivingYards,0.9514829781832965
passing_yardsFromScrimmagePerGame,receiving_receivingYards,0.9514829781832965
receiving_netYardsPerGame,receiving_receivingYards,0.9514829781832965
passing_netYardsPerGame,receiving_receivingYards,0.9514829781832965
rushing_yardsFromScrimmagePerGame,receiving_receivingYards,0.9514829781832965
receiving_receivingYardsPerGame,rushing_yardsFromScrimmagePerGame,0.9513621748478855
receiving_receivingYardsPerGame,rushing_netYardsPerGame,0.9513621748478855
receiving_receivingYardsPerGame,passing_netYardsPerGame,0.9513621748478855
receiving_receivingYardsPerGame,receiving_yardsFromScrimmagePerGame,0.9513621748478855
receiving_netYardsPerGame,receiving_receivingYardsPerGame,0.9513621748478855
receiving_receivingYardsPerGame,passing_yardsFromScrimmagePerGame,0.9513621748478855
kicking_extraPointPct,receiving_yardsPerReception,0.9511556687581547
kicking_fieldGoalAttemptYards,kicking_fieldGoalsMadeYards,0.9508124893117973
passing_netYardsPerPassAttempt,passing_quarterbackRating,0.9507635207519156
passing_netYardsPerPassAttempt,passing_QBRating,0.9507635207519156
passing_completionPct,miscellaneous_firstDowns,0.9505239336788232
defensive_sackYards,defensive_stuffYards,0.95036729822868
passing_passingYards,rushing_totalYardsFromScrimmage,0.9496672921289151
passing_netPassingYards,rushing_totalYardsFromScrimmage,0.9496672921289151
passing_netPassingYards,passing_totalYards,0.9496672921289151
passing_netPassingYards,rushing_totalYards,0.9496672921289151
passing_passingYards,passing_totalYards,0.9496672921289151
receiving_totalYards,passing_netPassingYards,0.9496672921289149
passing_totalYardsFromScrimmage,passing_netPassingYards,0.9496672921289149
passing_netTotalYards,passing_passingYards,0.9496672921289149
receiving_netTotalYards,passing_passingYards,0.9496672921289149
passing_netTotalYards,passing_netPassingYards,0.9496672921289149
rushing_netTotalYards,passing_netPassingYards,0.9496672921289149
passing_totalYardsFromScrimmage,passing_passingYards,0.9496672921289149
receiving_netTotalYards,passing_netPassingYards,0.9496672921289149
receiving_totalYardsFromScrimmage,passing_netPassingYards,0.9496672921289149
receiving_totalYardsFromScrimmage,passing_passingYards,0.9496672921289149
receiving_totalYards,passing_passingYards,0.9496672921289149
rushing_netTotalYards,passing_passingYards,0.9496672921289149
rushing_totalYards,passing_passingYards,0.9496672921289149
passing_avgGain,miscellaneous_firstDowns,0.9493284670431715
passing_netPassingYardsPerGame,passing_netYardsPerGame,0.9491946948331572
passing_netPassingYardsPerGame,receiving_yardsFromScrimmagePerGame,0.9491946948331572
passing_netPassingYardsPerGame,passing_yardsFromScrimmagePerGame,0.9491946948331572
passing_netPassingYardsPerGame,rushing_yardsFromScrimmagePerGame,0.9491946948331572
passing_netPassingYardsPerGame,rushing_netYardsPerGame,0.9491946948331572
passing_yardsFromScrimmagePerGame,passing_passingYardsPerGame,0.9491946948331571
rushing_yardsFromScrimmagePerGame,passing_passingYardsPerGame,0.9491946948331571
receiving_netYardsPerGame,passing_passingYardsPerGame,0.9491946948331571
passing_netYardsPerGame,passing_passingYardsPerGame,0.9491946948331571
rushing_netYardsPerGame,passing_passingYardsPerGame,0.9491946948331571
receiving_netYardsPerGame,passing_netPassingYardsPerGame,0.9491946948331571
receiving_yardsFromScrimmagePerGame,passing_passingYardsPerGame,0.9491946948331571
kicking_extraPointPct,kicking_longFieldGoalMade,0.9491305323865954
passing_completionPct,passing_QBRating,0.9489932587480007
passing_completionPct,passing_quarterbackRating,0.9489932587480007
punting_netAvgPuntYards,punting_longPunt,0.9489207158353192
rushing_yardsFromScrimmagePerGame,miscellaneous_thirdDownConvPct,0.9489112160163397
rushing_netYardsPerGame,miscellaneous_thirdDownConvPct,0.9489112160163397
miscellaneous_thirdDownConvPct,receiving_yardsFromScrimmagePerGame,0.9489112160163397
passing_netYardsPerGame,miscellaneous_thirdDownConvPct,0.9489112160163397
passing_yardsFromScrimmagePerGame,miscellaneous_thirdDownConvPct,0.9489112160163397
receiving_netYardsPerGame,miscellaneous_thirdDownConvPct,0.9489112160163397
passing_totalOffensivePlays,kicking_longFieldGoalAttempt,0.9488913588952057
kicking_longFieldGoalAttempt,receiving_totalOffensivePlays,0.9488913588952055
kicking_longFieldGoalAttempt,rushing_totalOffensivePlays,0.9488913588952055
punting_netAvgPuntYards,passing_totalOffensivePlays,0.9487878086081701
punting_netAvgPuntYards,rushing_totalOffensivePlays,0.9487878086081701
punting_netAvgPuntYards,receiving_totalOffensivePlays,0.9487878086081701
kicking_totalKickingPoints,scoring_fieldGoals,0.9487797899603829
kicking_totalKickingPoints,kicking_fieldGoalsMade,0.9487797899603829
passing_netPassingYards,passing_netYardsPerPassAttempt,0.9485626243618264
passing_netYardsPerPassAttempt,passing_passingYards,0.9485626243618264
punting_grossAvgPuntYards,passing_completionPct,0.9484469008936165
scoring_totalPointsPerGame,passing_QBRating,0.9483999706098943
scoring_totalPointsPerGame,passing_quarterbackRating,0.9483999706098943
passing_netYardsPerGame,passing_passingYards,0.9482084149611805
rushing_yardsFromScrimmagePerGame,passing_passingYards,0.9482084149611805
rushing_yardsFromScrimmagePerGame,passing_netPassingYards,0.9482084149611805
passing_netYardsPerGame,passing_netPassingYards,0.9482084149611805
receiving_netYardsPerGame,passing_netPassingYards,0.9482084149611805
passing_yardsFromScrimmagePerGame,passing_passingYards,0.9482084149611805
receiving_netYardsPerGame,passing_passingYards,0.9482084149611805
rushing_netYardsPerGame,passing_passingYards,0.9482084149611805
passing_yardsFromScrimmagePerGame,passing_netPassingYards,0.9482084149611805
passing_netPassingYards,rushing_netYardsPerGame,0.9482084149611799
passing_netPassingYards,receiving_yardsFromScrimmagePerGame,0.9482084149611799
passing_passingYards,receiving_yardsFromScrimmagePerGame,0.9482084149611799
passing_passingTouchdowns,scoring_totalPoints,0.9481297739191945
scoring_passingTouchdowns,scoring_totalPoints,0.9481297739191945
receiving_receivingTouchdowns,scoring_totalPoints,0.9481297739191945
scoring_receivingTouchdowns,scoring_totalPoints,0.9481297739191945
passing_yardsFromScrimmagePerGame,passing_completionPct,0.9481009079001445
passing_netYardsPerGame,passing_completionPct,0.9481009079001445
rushing_yardsFromScrimmagePerGame,passing_completionPct,0.9481009079001445
rushing_netYardsPerGame,passing_completionPct,0.9481009079001445
receiving_netYardsPerGame,passing_completionPct,0.9481009079001445
passing_completionPct,receiving_yardsFromScrimmagePerGame,0.9481009079001442
defensive_totalTackles,miscellaneous_thirdDownAttempts,0.9478881850063382
passing_netYardsPerPassAttempt,passing_passingYardsPerGame,0.9478684143522372
passing_netPassingYardsPerGame,passing_netYardsPerPassAttempt,0.9478684143522372
miscellaneous_firstDowns,receiving_receivingYards,0.9477997040036317
scoring_totalTouchdowns,kicking_extraPointsMade,0.9477248282115939
scoring_totalTouchdowns,scoring_kickExtraPointsMade,0.9477248282115939
receiving_receivingYardsPerGame,miscellaneous_firstDownsPerGame,0.9470986107327716
receiving_receivingYards,miscellaneous_firstDownsPerGame,0.9470097484015071
passing_QBRating,scoring_totalPoints,0.9469305726535239
passing_quarterbackRating,scoring_totalPoints,0.9469305726535239
passing_totalOffensivePlays,receiving_receivingTargets,0.9466931987661706
receiving_receivingTargets,receiving_totalOffensivePlays,0.9466931987661706
receiving_receivingTargets,rushing_totalOffensivePlays,0.9466931987661706
punting_netAvgPuntYards,defensive_totalTackles,0.9466848024808644
passing_netPassingYardsPerGame,passing_yardsPerPassAttempt,0.9466753751141916
passing_yardsPerPassAttempt,passing_passingYardsPerGame,0.9466753751141916
passing_yardsPerPassAttempt,passing_netPassingYards,0.9466338650309765
passing_yardsPerPassAttempt,passing_passingYards,0.9466338650309765
defensive_totalTackles,kicking_longFieldGoalMade,0.9466031239783607
punting_netAvgPuntYards,passing_completionPct,0.9462393128152081
passing_quarterbackRating,miscellaneous_firstDowns,0.9461959329480011
passing_QBRating,miscellaneous_firstDowns,0.9461959329480011
passing_passingYards,receiving_receptions,0.9459125627881685
passing_netPassingYards,receiving_receptions,0.9459125627881685
passing_completions,passing_passingYards,0.9459125627881683
passing_completions,passing_netPassingYards,0.9459125627881683
receiving_receivingTargets,receiving_receivingYards,0.9458086428769856
scoring_receivingTouchdowns,scoring_totalPointsPerGame,0.94567753814065
passing_passingTouchdowns,scoring_totalPointsPerGame,0.94567753814065
receiving_receivingTouchdowns,scoring_totalPointsPerGame,0.94567753814065
scoring_passingTouchdowns,scoring_totalPointsPerGame,0.94567753814065
passing_yardsPerPassAttempt,miscellaneous_firstDownsPerGame,0.9454568109681991
kicking_extraPointPct,kicking_longFieldGoalAttempt,0.9451052079346692
rushing_netTotalYards,miscellaneous_thirdDownConvPct,0.9450880953799832
receiving_netTotalYards,miscellaneous_thirdDownConvPct,0.9450880953799832
rushing_totalYards,miscellaneous_thirdDownConvPct,0.9450880953799832
passing_netTotalYards,miscellaneous_thirdDownConvPct,0.9450880953799832
receiving_totalYards,miscellaneous_thirdDownConvPct,0.9450880953799832
passing_totalYardsFromScrimmage,miscellaneous_thirdDownConvPct,0.9450880953799832
receiving_totalYardsFromScrimmage,miscellaneous_thirdDownConvPct,0.9450880953799832
miscellaneous_thirdDownConvPct,rushing_totalYardsFromScrimmage,0.9450880953799828
miscellaneous_thirdDownConvPct,passing_totalYards,0.9450880953799828
passing_passingTouchdownPct,scoring_totalPointsPerGame,0.9448131314233573
receiving_receivingYardsPerGame,receiving_receivingTargets,0.9446386982495407
passing_netTotalYards,passing_completionPct,0.9445128006917966
rushing_totalYards,passing_completionPct,0.9445128006917966
receiving_totalYards,passing_completionPct,0.9445128006917966
passing_totalYardsFromScrimmage,passing_completionPct,0.9445128006917966
rushing_netTotalYards,passing_completionPct,0.9445128006917966
receiving_totalYardsFromScrimmage,passing_completionPct,0.9445128006917966
passing_completionPct,rushing_totalYardsFromScrimmage,0.9445128006917966
receiving_netTotalYards,passing_completionPct,0.9445128006917966
passing_completionPct,passing_totalYards,0.9445128006917966
passing_passingTouchdownPct,scoring_totalPoints,0.9438653386657466
passing_totalYardsFromScrimmage,passing_yardsPerCompletion,0.9437788965878509
passing_netTotalYards,passing_yardsPerCompletion,0.9437788965878509
receiving_totalYardsFromScrimmage,passing_yardsPerCompletion,0.9437788965878509
receiving_totalYards,passing_yardsPerCompletion,0.9437788965878509
rushing_netTotalYards,passing_yardsPerCompletion,0.9437788965878509
receiving_netTotalYards,passing_yardsPerCompletion,0.9437788965878509
passing_yardsPerCompletion,passing_totalYards,0.9437788965878507
passing_yardsPerCompletion,rushing_totalYards,0.9437788965878507
passing_yardsPerCompletion,rushing_totalYardsFromScrimmage,0.9437788965878507
kicking_longFieldGoalAttempt,defensive_totalTackles,0.9437549906602536
passing_completionPct,miscellaneous_thirdDownConvPct,0.9435358146447135
passing_QBRating,miscellaneous_firstDownsPerGame,0.9431665780007481
passing_quarterbackRating,miscellaneous_firstDownsPerGame,0.9431665780007481
passing_avgGain,receiving_receivingYards,0.9426558515697361
passing_totalOffensivePlays,miscellaneous_firstDowns,0.9424071533817088
rushing_totalOffensivePlays,miscellaneous_firstDowns,0.9424071533817088
miscellaneous_firstDowns,receiving_totalOffensivePlays,0.9424071533817088
receiving_yardsPerReception,defensive_totalTackles,0.9422939624753486
receiving_receivingYardsPerGame,passing_avgGain,0.9422088226489116
rushing_rushingAttempts,rushing_rushingYards,0.9421680254708715
rushing_totalOffensivePlays,miscellaneous_firstDownsPerGame,0.9420682783887766
receiving_totalOffensivePlays,miscellaneous_firstDownsPerGame,0.9420682783887766
passing_totalOffensivePlays,miscellaneous_firstDownsPerGame,0.9420682783887766
passing_yardsPerPassAttempt,miscellaneous_firstDowns,0.9419660942109513
passing_netTotalYards,receiving_receivingYardsPerGame,0.9417968209992299
receiving_receivingYardsPerGame,rushing_totalYardsFromScrimmage,0.9417968209992299
receiving_receivingYardsPerGame,receiving_netTotalYards,0.9417968209992299
receiving_receivingYardsPerGame,receiving_totalYards,0.9417968209992299
rushing_netTotalYards,receiving_receivingYardsPerGame,0.9417968209992299
receiving_receivingYardsPerGame,rushing_totalYards,0.9417968209992299
receiving_receivingYardsPerGame,passing_totalYardsFromScrimmage,0.9417968209992299
receiving_receivingYardsPerGame,passing_totalYards,0.9417968209992299
receiving_receivingYardsPerGame,receiving_totalYardsFromScrimmage,0.9417968209992299
miscellaneous_firstDownsPassing,receiving_receivingTargets,0.9417640428471785
receiving_receivingTargets,passing_passingFirstDowns,0.9417640428471784
kicking_fieldGoalAttemptYards,scoring_fieldGoals,0.9413830229236192
kicking_fieldGoalAttemptYards,kicking_fieldGoalsMade,0.9413830229236192
punting_netAvgPuntYards,kicking_extraPointPct,0.941339251791961
receiving_receivingTargets,receiving_receivingFirstDowns,0.9412577578528905
passing_netTotalYards,passing_netPassingYardsPerGame,0.9410964704355322
rushing_totalYardsFromScrimmage,passing_passingYardsPerGame,0.9410964704355322
passing_totalYardsFromScrimmage,passing_passingYardsPerGame,0.9410964704355322
rushing_totalYards,passing_passingYardsPerGame,0.9410964704355322
receiving_totalYardsFromScrimmage,passing_passingYardsPerGame,0.9410964704355322
rushing_netTotalYards,passing_passingYardsPerGame,0.9410964704355322
receiving_netTotalYards,passing_passingYardsPerGame,0.9410964704355322
passing_netTotalYards,passing_passingYardsPerGame,0.9410964704355322
receiving_totalYards,passing_passingYardsPerGame,0.9410964704355322
passing_netPassingYardsPerGame,receiving_totalYards,0.941096470435532
passing_netPassingYardsPerGame,passing_totalYardsFromScrimmage,0.941096470435532
passing_netPassingYardsPerGame,rushing_totalYards,0.941096470435532
passing_passingYardsPerGame,passing_totalYards,0.941096470435532
passing_netPassingYardsPerGame,rushing_netTotalYards,0.941096470435532
passing_netPassingYardsPerGame,receiving_totalYardsFromScrimmage,0.941096470435532
passing_netPassingYardsPerGame,rushing_totalYardsFromScrimmage,0.941096470435532
passing_netPassingYardsPerGame,passing_totalYards,0.941096470435532
passing_netPassingYardsPerGame,receiving_netTotalYards,0.941096470435532
receiving_yardsPerReception,passing_avgGain,0.9410904137385404
rushing_rushingAttempts,rushing_rushingYardsPerGame,0.9408980972682917
receiving_netYardsPerGame,passing_passingFirstDowns,0.9405445490195454
passing_yardsFromScrimmagePerGame,passing_passingFirstDowns,0.9405445490195454
passing_netYardsPerGame,passing_passingFirstDowns,0.9405445490195454
rushing_yardsFromScrimmagePerGame,miscellaneous_firstDownsPassing,0.9405445490195454
rushing_yardsFromScrimmagePerGame,passing_passingFirstDowns,0.9405445490195454
rushing_netYardsPerGame,passing_passingFirstDowns,0.9405445490195454
miscellaneous_firstDownsPassing,receiving_yardsFromScrimmagePerGame,0.9405445490195454
miscellaneous_firstDownsPassing,passing_yardsFromScrimmagePerGame,0.9405445490195454
receiving_netYardsPerGame,miscellaneous_firstDownsPassing,0.9405445490195454
miscellaneous_firstDownsPassing,rushing_netYardsPerGame,0.9405445490195454
miscellaneous_firstDownsPassing,passing_netYardsPerGame,0.9405445490195454
receiving_yardsFromScrimmagePerGame,passing_passingFirstDowns,0.9405445490195454
passing_totalYardsFromScrimmage,passing_passingFirstDowns,0.940429170586128
passing_netTotalYards,miscellaneous_firstDownsPassing,0.940429170586128
receiving_totalYardsFromScrimmage,passing_passingFirstDowns,0.940429170586128
miscellaneous_firstDownsPassing,rushing_totalYardsFromScrimmage,0.940429170586128
miscellaneous_firstDownsPassing,receiving_netTotalYards,0.940429170586128
miscellaneous_firstDownsPassing,passing_totalYardsFromScrimmage,0.940429170586128
receiving_netTotalYards,passing_passingFirstDowns,0.940429170586128
rushing_netTotalYards,passing_passingFirstDowns,0.940429170586128
passing_passingFirstDowns,passing_totalYards,0.940429170586128
passing_netTotalYards,passing_passingFirstDowns,0.940429170586128
rushing_netTotalYards,miscellaneous_firstDownsPassing,0.940429170586128
receiving_totalYardsFromScrimmage,miscellaneous_firstDownsPassing,0.940429170586128
receiving_totalYards,miscellaneous_firstDownsPassing,0.940429170586128
miscellaneous_firstDownsPassing,rushing_totalYards,0.940429170586128
rushing_totalYardsFromScrimmage,passing_passingFirstDowns,0.940429170586128
miscellaneous_firstDownsPassing,passing_totalYards,0.940429170586128
receiving_totalYards,passing_passingFirstDowns,0.940429170586128
rushing_totalYards,passing_passingFirstDowns,0.940429170586128
receiving_receptions,passing_passingYardsPerGame,0.9403978534242307
passing_completions,passing_passingYardsPerGame,0.9403978534242307
passing_netPassingYardsPerGame,passing_completions,0.9403978534242307
passing_netPassingYardsPerGame,receiving_receptions,0.9403978534242307
receiving_receivingFirstDowns,rushing_totalYardsFromScrimmage,0.9403243443263287
receiving_receivingFirstDowns,passing_totalYards,0.9403243443263287
rushing_totalYards,receiving_receivingFirstDowns,0.9403243443263286
receiving_totalYards,receiving_receivingFirstDowns,0.9403243443263286
receiving_netTotalYards,receiving_receivingFirstDowns,0.9403243443263286
passing_totalYardsFromScrimmage,receiving_receivingFirstDowns,0.9403243443263286
passing_netTotalYards,receiving_receivingFirstDowns,0.9403243443263286
receiving_totalYardsFromScrimmage,receiving_receivingFirstDowns,0.9403243443263286
rushing_netTotalYards,receiving_receivingFirstDowns,0.9403243443263286
passing_netYardsPerGame,receiving_receivingFirstDowns,0.9402349048640697
rushing_yardsFromScrimmagePerGame,receiving_receivingFirstDowns,0.9402349048640697
rushing_netYardsPerGame,receiving_receivingFirstDowns,0.9402349048640697
passing_yardsFromScrimmagePerGame,receiving_receivingFirstDowns,0.9402349048640697
receiving_receivingFirstDowns,receiving_yardsFromScrimmagePerGame,0.9402349048640697
receiving_netYardsPerGame,receiving_receivingFirstDowns,0.9402349048640697
passing_yardsPerPassAttempt,receiving_receivingYards,0.9387133489365757
passing_completionPct,receiving_receptions,0.9386312319691412
passing_completions,passing_completionPct,0.9386312319691412
passing_completionPct,kicking_longFieldGoalMade,0.9381262489814823
passing_passingYardsAfterCatch,passing_passingYardsAtCatch,0.9377505055805689
passing_passingYardsAtCatch,receiving_receivingYardsAfterCatch,0.937740092510425
receiving_receivingYardsPerGame,miscellaneous_firstDowns,0.9376392791250755
receiving_receivingYardsPerGame,passing_yardsPerPassAttempt,0.9375488300713718
passing_avgGain,miscellaneous_thirdDownConvPct,0.9371537105087467
passing_yardsPerPassAttempt,passing_completionPct,0.9367618829193033
passing_netPassingYardsPerGame,passing_avgGain,0.9367401433678435
passing_avgGain,passing_passingYardsPerGame,0.9367401433678433
kicking_extraPointPct,passing_completionPct,0.9367174276952525
passing_avgGain,passing_passingYards,0.9361599500979375
passing_avgGain,passing_netPassingYards,0.9361599500979375
punting_grossAvgPuntYards,miscellaneous_thirdDownAttempts,0.9358180573023362
kicking_fieldGoalAttempts,kicking_fieldGoalsMadeYards,0.9356986416648168
receiving_yardsPerReception,receiving_totalOffensivePlays,0.935121503949871
receiving_yardsPerReception,rushing_totalOffensivePlays,0.935121503949871
passing_totalOffensivePlays,receiving_yardsPerReception,0.935121503949871
miscellaneous_thirdDownAttempts,kicking_longFieldGoalMade,0.9351085158559636
punting_touchbackPct,punting_touchbacks,0.9346496830771226
passing_yardsPerCompletion,passing_netYardsPerPassAttempt,0.9346020919521564
passing_netPassingAttempts,receiving_receivingYards,0.9335862767838431
passing_passingAttempts,receiving_receivingYards,0.9335862767838431
receiving_receivingYardsPerGame,passing_netPassingAttempts,0.9335081620143403
passing_passingAttempts,receiving_receivingYardsPerGame,0.9335081620143403
defensive_totalTackles,passing_completionPct,0.9331102154043
passing_QBRating,receiving_receivingYards,0.9329258979125346
passing_quarterbackRating,receiving_receivingYards,0.9329258979125346
passing_passingYards,miscellaneous_firstDowns,0.9328528803050038
passing_netPassingYards,miscellaneous_firstDowns,0.9328528803050038
defensive_sacks,defensive_stuffYards,0.9324490012647
passing_passingYardsPerGame,miscellaneous_firstDownsPerGame,0.9320208858952156
passing_netPassingYardsPerGame,miscellaneous_firstDownsPerGame,0.9320208858952156
kicking_longFieldGoalAttempt,passing_completionPct,0.9319532036613558
passing_totalOffensivePlays,miscellaneous_thirdDownConvs,0.9318573519242703
miscellaneous_thirdDownConvs,receiving_totalOffensivePlays,0.9318573519242703
rushing_totalOffensivePlays,miscellaneous_thirdDownConvs,0.9318573519242703
kicking_extraPointPct,punting_longPunt,0.9317505558262763
passing_passingYards,passing_quarterbackRating,0.9312782669053178
passing_netPassingYards,passing_quarterbackRating,0.9312782669053178
passing_passingYards,passing_QBRating,0.9312782669053178
passing_netPassingYards,passing_QBRating,0.9312782669053178
passing_passingYards,miscellaneous_firstDownsPerGame,0.9309730884584474
passing_netPassingYards,miscellaneous_firstDownsPerGame,0.9309730884584474
kicking_longFieldGoalAttempt,miscellaneous_thirdDownAttempts,0.9306479275263029
punting_longPunt,defensive_totalTackles,0.9301072417611237
passing_totalOffensivePlays,punting_longPunt,0.9298337728353059
punting_longPunt,rushing_totalOffensivePlays,0.9298337728353059
punting_longPunt,receiving_totalOffensivePlays,0.9298337728353059
rushing_yardsPerRushAttempt,rushing_rushingYardsPerGame,0.9288884365203547
kicking_extraPointPct,kicking_fieldGoalPct,0.9288180426321891
punting_grossAvgPuntYards,kicking_fieldGoalPct,0.9288173557667467
passing_completionPct,receiving_receivingTargets,0.9286959900230659
rushing_totalYards,scoring_totalPoints,0.9286792522415808
passing_totalYardsFromScrimmage,scoring_totalPoints,0.9286792522415808
rushing_totalYardsFromScrimmage,scoring_totalPoints,0.9286792522415808
receiving_totalYards,scoring_totalPoints,0.9286792522415808
receiving_totalYardsFromScrimmage,scoring_totalPoints,0.9286792522415808
rushing_netTotalYards,scoring_totalPoints,0.9286792522415808
passing_netTotalYards,scoring_totalPoints,0.9286792522415808
receiving_netTotalYards,scoring_totalPoints,0.9286792522415808
scoring_totalPoints,passing_totalYards,0.9286792522415807
passing_yardsPerPassAttempt,miscellaneous_thirdDownConvPct,0.9285252115196914
punting_longPunt,kicking_longFieldGoalMade,0.9283591196591262
passing_completions,miscellaneous_firstDowns,0.9279101602100309
receiving_receptions,miscellaneous_firstDowns,0.9279101602100309
punting_netAvgPuntYards,kicking_fieldGoalPct,0.9277039529611966
miscellaneous_thirdDownConvs,miscellaneous_firstDowns,0.9275009625722428
passing_yardsPerCompletion,miscellaneous_firstDownsPerGame,0.92749303956306
kicking_totalKickingPoints,kicking_fieldGoalAttempts,0.9270900054768082
passing_yardsPerPassAttempt,scoring_totalPointsPerGame,0.9270761016357102
punting_netAvgPuntYards,miscellaneous_thirdDownAttempts,0.926922926615279
rushing_totalYards,scoring_totalPointsPerGame,0.9268278311396311
receiving_netTotalYards,scoring_totalPointsPerGame,0.9268278311396311
receiving_totalYardsFromScrimmage,scoring_totalPointsPerGame,0.9268278311396311
rushing_netTotalYards,scoring_totalPointsPerGame,0.9268278311396311
passing_totalYardsFromScrimmage,scoring_totalPointsPerGame,0.9268278311396311
receiving_totalYards,scoring_totalPointsPerGame,0.9268278311396311
passing_netTotalYards,scoring_totalPointsPerGame,0.9268278311396311
scoring_totalPointsPerGame,rushing_totalYardsFromScrimmage,0.9268278311396309
scoring_totalPointsPerGame,passing_totalYards,0.9268278311396309
miscellaneous_thirdDownConvPct,passing_quarterbackRating,0.9266845748585351
miscellaneous_thirdDownConvPct,passing_QBRating,0.9266845748585351
miscellaneous_firstDownsPassing,passing_netPassingAttempts,0.926206708119508
passing_netPassingAttempts,passing_passingFirstDowns,0.9262067081195079
passing_passingAttempts,miscellaneous_firstDownsPassing,0.9262067081195079
passing_passingAttempts,passing_passingFirstDowns,0.9262067081195079
passing_completionPct,receiving_receivingYards,0.9261932537100891
passing_totalOffensivePlays,rushing_totalYards,0.9260534693535611
receiving_totalYards,rushing_totalOffensivePlays,0.9260534693535611
passing_netTotalYards,rushing_totalOffensivePlays,0.9260534693535611
receiving_totalYardsFromScrimmage,receiving_totalOffensivePlays,0.9260534693535611
rushing_totalYards,rushing_totalOffensivePlays,0.9260534693535611
passing_netTotalYards,receiving_totalOffensivePlays,0.9260534693535611
receiving_totalYardsFromScrimmage,rushing_totalOffensivePlays,0.9260534693535611
passing_totalOffensivePlays,passing_totalYards,0.9260534693535611
passing_totalOffensivePlays,receiving_netTotalYards,0.9260534693535611
passing_totalOffensivePlays,passing_totalYardsFromScrimmage,0.9260534693535611
receiving_totalOffensivePlays,rushing_totalYardsFromScrimmage,0.9260534693535611
passing_totalOffensivePlays,receiving_totalYards,0.9260534693535611
passing_totalOffensivePlays,receiving_totalYardsFromScrimmage,0.9260534693535611
passing_totalOffensivePlays,rushing_netTotalYards,0.9260534693535611
receiving_totalOffensivePlays,passing_totalYards,0.9260534693535611
receiving_totalYards,receiving_totalOffensivePlays,0.9260534693535611
receiving_netTotalYards,receiving_totalOffensivePlays,0.9260534693535611
rushing_netTotalYards,rushing_totalOffensivePlays,0.9260534693535611
rushing_totalOffensivePlays,passing_totalYards,0.9260534693535611
rushing_totalYards,receiving_totalOffensivePlays,0.9260534693535611
rushing_totalOffensivePlays,rushing_totalYardsFromScrimmage,0.9260534693535611
passing_totalOffensivePlays,rushing_totalYardsFromScrimmage,0.9260534693535611
passing_totalYardsFromScrimmage,rushing_totalOffensivePlays,0.9260534693535611
passing_netTotalYards,passing_totalOffensivePlays,0.9260534693535611
receiving_netTotalYards,rushing_totalOffensivePlays,0.9260534693535611
rushing_netTotalYards,receiving_totalOffensivePlays,0.9260534693535611
passing_totalYardsFromScrimmage,receiving_totalOffensivePlays,0.9260534693535611
passing_totalOffensivePlays,rushing_yardsFromScrimmagePerGame,0.9257206794379493
receiving_totalOffensivePlays,receiving_yardsFromScrimmagePerGame,0.9257206794379493
passing_totalOffensivePlays,rushing_netYardsPerGame,0.9257206794379493
passing_totalOffensivePlays,passing_yardsFromScrimmagePerGame,0.9257206794379493
passing_totalOffensivePlays,passing_netYardsPerGame,0.9257206794379493
passing_totalOffensivePlays,receiving_yardsFromScrimmagePerGame,0.9257206794379493
rushing_totalOffensivePlays,receiving_yardsFromScrimmagePerGame,0.9257206794379493
passing_netYardsPerGame,rushing_totalOffensivePlays,0.9257206794379492
passing_yardsFromScrimmagePerGame,rushing_totalOffensivePlays,0.9257206794379492
receiving_netYardsPerGame,passing_totalOffensivePlays,0.9257206794379492
rushing_yardsFromScrimmagePerGame,rushing_totalOffensivePlays,0.9257206794379492
passing_netYardsPerGame,receiving_totalOffensivePlays,0.9257206794379492
receiving_netYardsPerGame,rushing_totalOffensivePlays,0.9257206794379492
rushing_netYardsPerGame,rushing_totalOffensivePlays,0.9257206794379492
rushing_netYardsPerGame,receiving_totalOffensivePlays,0.9257206794379492
receiving_netYardsPerGame,receiving_totalOffensivePlays,0.9257206794379492
passing_yardsFromScrimmagePerGame,receiving_totalOffensivePlays,0.9257206794379492
rushing_yardsFromScrimmagePerGame,receiving_totalOffensivePlays,0.9257206794379492
passing_passingBigPlays,receiving_receivingYards,0.9255823850861502
receiving_receivingBigPlays,receiving_receivingYards,0.9255823850861502
passing_passingAttempts,receiving_receivingFirstDowns,0.9255039072267214
passing_netPassingAttempts,receiving_receivingFirstDowns,0.9255039072267214
receiving_netYardsPerGame,scoring_totalPointsPerGame,0.9254937280400164
passing_netYardsPerGame,scoring_totalPointsPerGame,0.9254937280400164
scoring_totalPointsPerGame,receiving_yardsFromScrimmagePerGame,0.9254937280400164
passing_yardsFromScrimmagePerGame,scoring_totalPointsPerGame,0.9254937280400164
rushing_netYardsPerGame,scoring_totalPointsPerGame,0.9254937280400164
rushing_yardsFromScrimmagePerGame,scoring_totalPointsPerGame,0.9254937280400164
receiving_receivingYardsPerGame,passing_QBRating,0.9254740417386389
receiving_receivingYardsPerGame,passing_quarterbackRating,0.9254740417386389
passing_QBRating,passing_passingYardsPerGame,0.9254046338767051
passing_netPassingYardsPerGame,passing_quarterbackRating,0.9254046338767051
passing_netPassingYardsPerGame,passing_QBRating,0.9254046338767051
passing_quarterbackRating,passing_passingYardsPerGame,0.9254046338767051
passing_completions,miscellaneous_firstDownsPerGame,0.9251809777799631
receiving_receptions,miscellaneous_firstDownsPerGame,0.9251809777799631
passing_passingAttempts,passing_completionPct,0.9251573147220888
passing_netPassingAttempts,passing_completionPct,0.9251573147220888
receiving_receivingYardsPerGame,passing_completionPct,0.924788844317839
receiving_yardsPerReception,punting_grossAvgPuntYards,0.9246825539535961
miscellaneous_firstDowns,passing_passingYardsPerGame,0.9242468935998439
passing_netPassingYardsPerGame,miscellaneous_firstDowns,0.9242468935998437
defensive_totalTackles,kicking_fieldGoalPct,0.9241169516875128
receiving_receivingFirstDowns,passing_QBRating,0.9240555367140438
receiving_receivingFirstDowns,passing_quarterbackRating,0.9240555367140438
miscellaneous_firstDownsPassing,passing_quarterbackRating,0.9237134180283839
miscellaneous_firstDownsPassing,passing_QBRating,0.9237134180283839
passing_quarterbackRating,passing_passingFirstDowns,0.9237134180283838
passing_QBRating,passing_passingFirstDowns,0.9237134180283838
passing_totalOffensivePlays,miscellaneous_thirdDownConvPct,0.9236942443429984
miscellaneous_thirdDownConvPct,rushing_totalOffensivePlays,0.9236942443429984
miscellaneous_thirdDownConvPct,receiving_totalOffensivePlays,0.9236942443429984
passing_netYardsPerPassAttempt,scoring_totalPointsPerGame,0.9233879725303449
kicking_fieldGoalPct,kicking_longFieldGoalMade,0.9231316061870997
miscellaneous_thirdDownConvs,miscellaneous_firstDownsPerGame,0.9225377474345432
kicking_fieldGoalPct,receiving_totalOffensivePlays,0.9225105572827396
passing_totalOffensivePlays,kicking_fieldGoalPct,0.9225105572827396
kicking_fieldGoalPct,rushing_totalOffensivePlays,0.9225105572827396
scoring_totalTouchdowns,passing_quarterbackRating,0.9224509065972707
scoring_totalTouchdowns,passing_QBRating,0.9224509065972707
passing_totalOffensivePlays,defensive_avgSackYards,0.9215097512434572
defensive_avgSackYards,rushing_totalOffensivePlays,0.9215097512434572
defensive_avgSackYards,receiving_totalOffensivePlays,0.9215097512434572
passing_netPassingAttempts,miscellaneous_thirdDownAttempts,0.9211598734570702
passing_passingAttempts,miscellaneous_thirdDownAttempts,0.9211598734570702
passing_yardsPerPassAttempt,scoring_totalPoints,0.9206645351668088
rushing_yardsPerRushAttempt,rushing_rushingYards,0.920628211209571
passing_netPassingAttempts,punting_grossAvgPuntYards,0.9205272166043642
passing_passingAttempts,punting_grossAvgPuntYards,0.9205272166043642
kicking_fieldGoalPct,passing_completionPct,0.9204842100447693
receiving_receivingTargets,miscellaneous_firstDownsPerGame,0.9200581357346542
kicking_extraPointPct,passing_yardsPerCompletion,0.9196598169480676
passing_avgGain,passing_passingFirstDowns,0.9195604421210072
passing_avgGain,miscellaneous_firstDownsPassing,0.9195604421210072
passing_avgGain,scoring_totalPointsPerGame,0.9193741309632163
passing_avgGain,receiving_receivingFirstDowns,0.9193107140104164
miscellaneous_totalTakeaways,defensiveInterceptions_interceptions,0.9192251457201909
receiving_yardsPerReception,kicking_longFieldGoalMade,0.9192197316916022
defensive_avgSackYards,defensive_totalTackles,0.9189552190977327
kicking_totalKickingPoints,kicking_fieldGoalsMadeYards,0.9189431163540902
punting_avgPuntReturnYards,punting_puntReturnYards,0.9188471002049153
receiving_receivingBigPlays,passing_netPassingYards,0.9187927474790666
receiving_receivingBigPlays,passing_passingYards,0.9187927474790666
passing_passingYards,passing_passingBigPlays,0.9187927474790665
passing_netPassingYards,passing_passingBigPlays,0.9187927474790665
passing_yardsPerPassAttempt,passing_passingFirstDowns,0.9187318411749904
passing_yardsPerPassAttempt,miscellaneous_firstDownsPassing,0.9187318411749904
receiving_yardsPerReception,kicking_longFieldGoalAttempt,0.9187222158905175
passing_yardsPerPassAttempt,receiving_receivingFirstDowns,0.9186165966043857
passing_netYardsPerPassAttempt,receiving_receivingYards,0.918571853860926
passing_netYardsPerPassAttempt,miscellaneous_firstDownsPerGame,0.9183753586598372
passing_yardsFromScrimmagePerGame,scoring_totalPoints,0.9183340639051019
passing_netYardsPerGame,scoring_totalPoints,0.9183340639051019
rushing_netYardsPerGame,scoring_totalPoints,0.9183340639051019
receiving_netYardsPerGame,scoring_totalPoints,0.9183340639051019
receiving_yardsFromScrimmagePerGame,scoring_totalPoints,0.9183340639051019
rushing_yardsFromScrimmagePerGame,scoring_totalPoints,0.9183340639051019
receiving_receivingYardsPerGame,passing_passingBigPlays,0.918069847722198
receiving_receivingYardsPerGame,receiving_receivingBigPlays,0.918069847722198
passing_yardsPerCompletion,passing_completionPct,0.9179083097020188
miscellaneous_firstDownsPassing,passing_completionPct,0.9177833369990294
passing_completionPct,passing_passingFirstDowns,0.9177833369990294
receiving_netYardsPerGame,receiving_yardsPerReception,0.9177800648696721
receiving_yardsPerReception,passing_yardsFromScrimmagePerGame,0.917780064869672
receiving_yardsPerReception,receiving_yardsFromScrimmagePerGame,0.917780064869672
receiving_yardsPerReception,rushing_yardsFromScrimmagePerGame,0.917780064869672
receiving_yardsPerReception,rushing_netYardsPerGame,0.917780064869672
receiving_yardsPerReception,passing_netYardsPerGame,0.917780064869672
kicking_extraPointPct,defensive_avgSackYards,0.917742917486431
passing_completionPct,receiving_receivingFirstDowns,0.9176546607348746
passing_netYardsPerPassAttempt,scoring_totalPoints,0.9176096460163502
passing_yardsPerCompletion,receiving_totalOffensivePlays,0.917574913106862
passing_yardsPerCompletion,rushing_totalOffensivePlays,0.917574913106862
passing_totalOffensivePlays,passing_yardsPerCompletion,0.917574913106862
kicking_longFieldGoalAttempt,punting_longPunt,0.917111110336262
passing_yardsPerCompletion,miscellaneous_firstDowns,0.9170053555651018
receiving_receivingTargets,miscellaneous_firstDowns,0.9168433798324205
passing_totalOffensivePlays,rushing_rushingAttempts,0.9168284399755323
rushing_rushingAttempts,receiving_totalOffensivePlays,0.9168284399755323
rushing_rushingAttempts,rushing_totalOffensivePlays,0.9168284399755323
defensive_avgSackYards,punting_grossAvgPuntYards,0.9166505246525843
receiving_receivingYardsPerGame,passing_netYardsPerPassAttempt,0.9164290992681566
punting_longPunt,miscellaneous_thirdDownAttempts,0.916298925254714
passing_yardsPerCompletion,miscellaneous_thirdDownConvPct,0.9162409708493382
passing_netYardsPerPassAttempt,miscellaneous_firstDowns,0.9160462365011072
rushing_rushingFirstDowns,rushing_rushingAttempts,0.9160259093686846
rushing_rushingAttempts,miscellaneous_firstDownsRushing,0.9160259093686843
returning_puntReturnFairCatches,returning_puntReturnFairCatchPct,0.9158904777021959
passing_passingAttempts,kicking_longFieldGoalMade,0.9147376160146661
passing_netPassingAttempts,kicking_longFieldGoalMade,0.9147376160146661
receiving_yardsPerReception,passing_yardsPerPassAttempt,0.9146157182311841
punting_netAvgPuntYards,receiving_yardsPerReception,0.9144714157124685
punting_netAvgPuntYards,defensive_avgSackYards,0.9143867733505815
miscellaneous_totalGiveaways,passing_interceptions,0.9142874053869035
receiving_yardsPerReception,passing_completionPct,0.9136095739415632
punting_netAvgPuntYards,passing_netPassingAttempts,0.9133429362528176
punting_netAvgPuntYards,passing_passingAttempts,0.9133429362528176
miscellaneous_firstDowns,scoring_totalPoints,0.9130736703623866
passing_passingYards,receiving_receivingTargets,0.9129423969604795
passing_netPassingYards,receiving_receivingTargets,0.9129423969604795
passing_passingBigPlays,passing_passingYardsPerGame,0.9127067609199233
receiving_receivingBigPlays,passing_passingYardsPerGame,0.9127067609199233
passing_netPassingYardsPerGame,receiving_receivingBigPlays,0.9127067609199232
passing_netPassingYardsPerGame,passing_passingBigPlays,0.9127067609199232
passing_avgGain,scoring_totalPoints,0.9125586451128979
receiving_receivingTargets,passing_passingYardsPerGame,0.912484141580795
passing_netPassingYardsPerGame,receiving_receivingTargets,0.912484141580795
miscellaneous_thirdDownConvs,rushing_totalYardsFromScrimmage,0.9118034862046694
receiving_totalYards,miscellaneous_thirdDownConvs,0.9118034862046694
passing_totalYardsFromScrimmage,miscellaneous_thirdDownConvs,0.9118034862046694
receiving_netTotalYards,miscellaneous_thirdDownConvs,0.9118034862046694
rushing_netTotalYards,miscellaneous_thirdDownConvs,0.9118034862046694
miscellaneous_thirdDownConvs,passing_totalYards,0.9118034862046694
passing_netTotalYards,miscellaneous_thirdDownConvs,0.9118034862046694
receiving_totalYardsFromScrimmage,miscellaneous_thirdDownConvs,0.9118034862046694
rushing_totalYards,miscellaneous_thirdDownConvs,0.9118034862046694
punting_longPunt,passing_completionPct,0.9117146525846518
scoring_totalPointsPerGame,miscellaneous_firstDowns,0.9111801700170556
passing_passingAttempts,defensive_totalTackles,0.9110894082539142
passing_netPassingAttempts,defensive_totalTackles,0.9110894082539142
passing_passingAttempts,miscellaneous_firstDownsPerGame,0.9109093833409582
passing_netPassingAttempts,miscellaneous_firstDownsPerGame,0.9109093833409582
receiving_receptions,rushing_totalYardsFromScrimmage,0.9108963496541681
receiving_receptions,passing_totalYards,0.9108963496541681
receiving_totalYards,receiving_receptions,0.9108963496541681
passing_netTotalYards,receiving_receptions,0.9108963496541681
passing_totalYardsFromScrimmage,receiving_receptions,0.9108963496541681
receiving_totalYardsFromScrimmage,receiving_receptions,0.9108963496541681
receiving_netTotalYards,receiving_receptions,0.9108963496541681
rushing_totalYards,receiving_receptions,0.9108963496541681
passing_completions,passing_totalYards,0.9108963496541681
passing_completions,rushing_totalYardsFromScrimmage,0.9108963496541681
passing_completions,rushing_totalYards,0.9108963496541681
passing_completions,receiving_netTotalYards,0.9108963496541681
passing_completions,passing_totalYardsFromScrimmage,0.9108963496541681
passing_completions,receiving_totalYards,0.9108963496541681
passing_completions,receiving_totalYardsFromScrimmage,0.9108963496541681
rushing_netTotalYards,receiving_receptions,0.9108963496541681
rushing_netTotalYards,passing_completions,0.9108963496541681
passing_netTotalYards,passing_completions,0.9108963496541681
miscellaneous_thirdDownConvs,miscellaneous_thirdDownAttempts,0.9107033042696636
total_pointDifferential,total_leagueWinPercent,0.9101824386822348
total_winPercent,total_differential,0.9101824386822348
total_differential,total_leagueWinPercent,0.9101824386822348
total_winPercent,total_pointDifferential,0.9101824386822348
rushing_yardsPerRushAttempt,punting_grossAvgPuntYards,0.910175376151076
passing_netPassingYards,scoring_totalPointsPerGame,0.9101189233713393
passing_passingYards,scoring_totalPointsPerGame,0.9101189233713393
scoring_kickExtraPoints,passing_passingTouchdownPct,0.9100957611398015
kicking_extraPointAttempts,passing_passingTouchdownPct,0.9100957611398015
scoring_totalPointsPerGame,miscellaneous_firstDownsPerGame,0.9095345210342582
passing_yardsPerCompletion,defensive_totalTackles,0.9092028803837288
defensive_avgSackYards,kicking_longFieldGoalMade,0.9091738454614215
punting_grossAvgPuntYards,receiving_receivingTargets,0.9089269189106752
rushing_yardsPerRushAttempt,rushing_totalOffensivePlays,0.9089171040656704
rushing_yardsPerRushAttempt,receiving_totalOffensivePlays,0.9089171040656704
rushing_yardsPerRushAttempt,passing_totalOffensivePlays,0.9089171040656704
passing_netPassingYards,scoring_totalPoints,0.9083643806627524
passing_passingYards,scoring_totalPoints,0.9083643806627524
receiving_netYardsPerGame,passing_completions,0.9083057526255456
receiving_netYardsPerGame,receiving_receptions,0.9083057526255456
passing_completions,receiving_yardsFromScrimmagePerGame,0.9083057526255456
passing_completions,rushing_netYardsPerGame,0.9083057526255456
passing_completions,passing_netYardsPerGame,0.9083057526255456
rushing_yardsFromScrimmagePerGame,receiving_receptions,0.9083057526255456
passing_completions,passing_yardsFromScrimmagePerGame,0.9083057526255456
passing_completions,rushing_yardsFromScrimmagePerGame,0.9083057526255456
rushing_netYardsPerGame,receiving_receptions,0.9083057526255456
passing_netYardsPerGame,receiving_receptions,0.9083057526255456
receiving_receptions,receiving_yardsFromScrimmagePerGame,0.9083057526255456
passing_yardsFromScrimmagePerGame,receiving_receptions,0.9083057526255456
rushing_yardsPerRushAttempt,defensive_totalTackles,0.9082248930285949
rushing_yardsPerRushAttempt,kicking_extraPointPct,0.9082085874416754
rushing_yardsPerRushAttempt,receiving_yardsPerReception,0.9079514899316183
total_differential,total_losses,-0.9076864443799467
total_pointDifferential,total_losses,-0.9076864443799467
receiving_receivingTargets,miscellaneous_thirdDownAttempts,0.90760141716701
total_pointDifferential,total_wins,0.9073191994873475
total_differential,total_wins,0.9073191994873475
defensive_avgSackYards,passing_completionPct,0.907100804279013
receiving_netYardsPerGame,miscellaneous_thirdDownConvs,0.9070014872901634
passing_yardsFromScrimmagePerGame,miscellaneous_thirdDownConvs,0.9070014872901634
rushing_yardsFromScrimmagePerGame,miscellaneous_thirdDownConvs,0.9070014872901634
rushing_netYardsPerGame,miscellaneous_thirdDownConvs,0.9070014872901634
passing_netYardsPerGame,miscellaneous_thirdDownConvs,0.9070014872901634
miscellaneous_thirdDownConvs,receiving_yardsFromScrimmagePerGame,0.9070014872901634
kicking_longFieldGoalAttempt,kicking_fieldGoalPct,0.9068620857869887
passing_passingAttempts,miscellaneous_firstDowns,0.9066083570479084
passing_netPassingAttempts,miscellaneous_firstDowns,0.9066083570479084
receiving_yardsPerReception,miscellaneous_thirdDownAttempts,0.906490348064769
rushing_yardsPerRushAttempt,kicking_longFieldGoalMade,0.9062253918891897
kicking_extraPointPct,passing_netPassingAttempts,0.9061870755929329
kicking_extraPointPct,passing_passingAttempts,0.9061870755929329
passing_passingAttempts,kicking_longFieldGoalAttempt,0.9059313805786321
kicking_longFieldGoalAttempt,passing_netPassingAttempts,0.9059313805786318
receiving_yardsPerReception,miscellaneous_firstDownsPerGame,0.9057695216160623
scoring_totalPointsPerGame,passing_passingYardsPerGame,0.9056834978170551
passing_netPassingYardsPerGame,scoring_totalPointsPerGame,0.9056834978170551
passing_yardsPerCompletion,passing_quarterbackRating,0.9055727216257236
passing_yardsPerCompletion,passing_QBRating,0.9055727216257236
passing_completions,rushing_totalOffensivePlays,0.905528450713706
passing_completions,receiving_totalOffensivePlays,0.905528450713706
receiving_receptions,receiving_totalOffensivePlays,0.905528450713706
receiving_receptions,rushing_totalOffensivePlays,0.905528450713706
passing_totalOffensivePlays,receiving_receptions,0.9055284507137059
passing_totalOffensivePlays,passing_completions,0.9055284507137059
receiving_yardsPerReception,rushing_totalYardsFromScrimmage,0.9053860208629971
receiving_yardsPerReception,rushing_totalYards,0.9053860208629971
receiving_yardsPerReception,passing_totalYards,0.9053860208629971
receiving_yardsPerReception,receiving_totalYards,0.9053860208629971
passing_netTotalYards,receiving_yardsPerReception,0.9053860208629971
receiving_yardsPerReception,receiving_netTotalYards,0.9053860208629971
receiving_yardsPerReception,passing_totalYardsFromScrimmage,0.9053860208629971
receiving_yardsPerReception,receiving_totalYardsFromScrimmage,0.9053860208629971
receiving_yardsPerReception,rushing_netTotalYards,0.9053860208629971
rushing_yardsPerRushAttempt,kicking_longFieldGoalAttempt,0.9053063338616295
rushing_yardsPerRushAttempt,punting_netAvgPuntYards,0.9051888007669292
passing_completionPct,miscellaneous_thirdDownConvs,0.9047717275468591
passing_netYardsPerPassAttempt,receiving_receivingFirstDowns,0.904721573304089
rushing_rushingAttempts,miscellaneous_thirdDownAttempts,0.9046667407453033
miscellaneous_firstDownsPassing,passing_netYardsPerPassAttempt,0.9046063246737408
passing_netYardsPerPassAttempt,passing_passingFirstDowns,0.9046063246737408
kicking_fieldGoalPct,miscellaneous_thirdDownAttempts,0.9045975533164806
passing_completionPct,miscellaneous_thirdDownAttempts,0.9040883742825979
miscellaneous_thirdDownConvPct,passing_passingFirstDowns,0.903961522085801
miscellaneous_firstDownsPassing,miscellaneous_thirdDownConvPct,0.903961522085801
rushing_yardsPerRushAttempt,passing_completionPct,0.9038886404189748
miscellaneous_thirdDownConvPct,receiving_receivingFirstDowns,0.9037407152080693
receiving_receivingYardsPerGame,passing_yardsPerCompletion,0.9036358465215915
rushing_yardsPerRushAttempt,receiving_yardsFromScrimmagePerGame,0.9034051853955446
rushing_yardsPerRushAttempt,rushing_yardsFromScrimmagePerGame,0.9034051853955446
rushing_yardsPerRushAttempt,receiving_netYardsPerGame,0.9034051853955446
rushing_yardsPerRushAttempt,passing_netYardsPerGame,0.9034051853955446
rushing_yardsPerRushAttempt,passing_yardsFromScrimmagePerGame,0.9034051853955446
rushing_yardsPerRushAttempt,rushing_netYardsPerGame,0.9034051853955446
receiving_receivingTargets,kicking_longFieldGoalMade,0.9027482926066447
kicking_longFieldGoalAttempt,defensive_avgSackYards,0.9025183611271071
punting_netAvgPuntYards,receiving_receivingTargets,0.9024235130162969
scoring_totalPoints,miscellaneous_firstDownsPerGame,0.902326771580399
passing_avgGain,rushing_totalOffensivePlays,0.9018807369505654
passing_avgGain,receiving_totalOffensivePlays,0.9018807369505654
passing_totalOffensivePlays,passing_avgGain,0.9018807369505654
rushing_netYardsPerGame,receiving_receivingTargets,0.9015891660848739
passing_yardsFromScrimmagePerGame,receiving_receivingTargets,0.9015891660848739
passing_netYardsPerGame,receiving_receivingTargets,0.9015891660848739
rushing_yardsFromScrimmagePerGame,receiving_receivingTargets,0.9015891660848739
receiving_netYardsPerGame,receiving_receivingTargets,0.9015891660848739
receiving_receivingTargets,receiving_yardsFromScrimmagePerGame,0.9015891660848738
receiving_yardsPerReception,punting_longPunt,0.9010902923330684
passing_netYardsPerPassAttempt,miscellaneous_thirdDownConvPct,0.9008852954613387
receiving_yardsPerReception,defensive_avgSackYards,0.9004585894049133
miscellaneous_thirdDownConvPct,receiving_receivingYards,0.9002795183625973
passing_passingTouchdownPct,kicking_extraPointsMade,0.900274186536969
passing_passingTouchdownPct,scoring_kickExtraPointsMade,0.900274186536969
