rank,category,technique,description,expected_impact,complexity,data_required,statistical_basis,independence,recommendation,priority_score
1,A. Rolling Averages,3-game rolling averages,"Calculate rolling 3-game averages for all counting stats (yards, TDs, etc.)",+3-5% accuracy,Low,Game-level play-by-play data,Recent form is highly predictive of next-game performance,High - captures temporal dynamics not in season totals,IMPLEMENT IMMEDIATELY,95
2,A. Rolling Averages,5-game rolling averages,Calculate rolling 5-game averages for medium-term trends,+2-4% accuracy,Low,Game-level play-by-play data,Balances recent form with statistical stability,High - different window than 3-game,IMPLEMENT IMMEDIATELY,90
4,B. Momentum,Win/loss streak length,Current winning or losing streak (positive/negative integer),+2-3% accuracy,Low,Game outcomes,Momentum and confidence affect performance,High - psychological factor not captured in stats,IMPLEMENT IMMEDIATELY,85
8,D. Efficiency,Yards per play (offensive and defensive),Total yards / total plays (more efficient than volume stats),+2-3% accuracy,Low,Play-by-play data,Efficiency > volume for predicting wins,Medium - derived from existing stats,IMPLEMENT IMMEDIATELY,85
6,C. Opponent-Adjusted,Opponent defensive ranking adjustments,"Adjust offensive stats by opponent defensive ranking (e.g., yards vs. #1 defense)",+2-4% accuracy,Medium,Opponent defensive rankings,Performance vs. strong defenses more predictive,High - adds matchup context,IMPLEMENT,80
3,A. Rolling Averages,Exponentially weighted moving averages (EWMA),Weight recent games higher than older games (decay factor α=0.3),+2-3% accuracy,Medium,Game-level play-by-play data,Recent games more predictive than older games,Medium - correlated with rolling averages,IMPLEMENT AFTER ROLLING AVERAGES,75
7,C. Opponent-Adjusted,Strength of schedule (SOS),Average opponent win percentage faced,+1-3% accuracy,Low,Opponent records,Stats vs. weak opponents less predictive,High - contextualizes raw stats,IMPLEMENT,75
5,B. Momentum,Point differential trend (3-game slope),Linear regression slope of point differential over last 3 games,+1-2% accuracy,Medium,Game-level point differentials,Improving teams outperform declining teams,Medium - related to win streak,IMPLEMENT,70
9,D. Efficiency,Red zone efficiency (TD% inside 20),Touchdowns / red zone opportunities,+1-2% accuracy,Medium,Play-by-play data with field position,Red zone efficiency highly correlated with winning,High - situational metric,IMPLEMENT,70
12,G. Temporal,"Days rest (bye week, short week)","Days since last game (7=normal, 14=bye, 4=Thursday)",+1-2% accuracy,Low,Game schedules,"Rest affects performance, especially for injuries",High - external factor,IMPLEMENT,70
11,F. Interactions,Offensive efficiency × Defensive efficiency,Product of offensive and defensive yards per play,+1-2% accuracy,Low,Derived from existing features,Complete teams (good offense + defense) win more,Medium - non-linear combination,IMPLEMENT,65
10,E. Situational,Performance in close games (within 1 score),Win% and point differential in games decided by ≤8 points,+1-2% accuracy,Medium,Game-level scores,Clutch performance predicts future close games,High - situational context,CONSIDER,60
